coin_id,count
dogecoin,39
rocky-the-rock,39
pundu,39
bingus-the-cat,39
ai-inu,39
black-dragon,39
1guy,39
ryujin,39
let-him-cook,39
bitcoin-on-base,39
dogk,39
enkrypto,39
iiii-lovvv-youuuu,39
glorp,39
seiyan,39
brainrot,39
littlemanyu,39
kimbo,39
banana-tape-wall,39
pika-to-piko,39
puffy,39
bob-3,39
ndx6900,39
hege,39
pajamas-cat,39
heeeheee,39
shina-inu,39
sharbi,39
autism-2,39
wownero,39
kira-the-injective-cat,39
based-internet-panda-runes,39
bananacat,39
poupe,39
watcoin,39
pochita,39
wrapped-dog,39
gou,39
gob-is-gob-is-gob,39
super-trump,39
ton-cat,39
weirdo-2,39
oscar,39
shiba-inu,39
hemule,39
hund,39
bro-the-cat,39
og-roaring-kitty,39
elon,39
neiro,39
popdog,39
corn-2,39
gummy,39
gotti-token,39
balls-of-fate,39
waffles,39
rawr,39
costco-hot-dog,39
lovely-inu-finance,39
catcoin-cash,39
realgoat,39
polydoge,39
catwifhat-2,39
kizuna,39
baby-neiro-2,39
solchat,39
the-real-landwolf,39
r-snoofi,39
bitbonk,39
russell,39
boomer,39
bad-idea-ai,39
supercycle-real,39
based-chad,39
crash-on-base,39
bozo-hybrid,39
silly-dragon,39
normie-2,39
teh-epik-duck,39
baby-bnb,39
kasper,39
speedy-2,39
slothana,39
catownkimono,39
woman-yelling-at-cat,39
ben-the-dog,39
moai,39
bamboo-on-base,39
byte,39
buu,39
invest-zone,39
mongcoin,39
floppa-cat,39
optimus-ai,39
coby,39
hoge-finance,39
habibi-sol,39
nya,39
babybonk,39
burnedfi,39
chonky,39
mars-2,39
chihuahua-token,39
loopy-sui,39
ethereum-is-good,39
donald-tremp,39
pesto-the-baby-king-penguin,39
catcoin,39
young-peezy-aka-pepe,39
snap-kero,39
wrapped-ayeayecoin,39
bubbles-2,39
manifest-on-sol,39
based,39
real-smurf-cat,39
mad-2,39
machi,39
fefe-on-eth,39
dark-maga,39
condo,39
torsy,39
povel-durev,39
doggo-3,39
muncat,39
feces,39
shiba-predator,39
yawn-s-world,39
fight-to-maga,39
fofar,39
sage-universe,39
hawk-2,39
noooomeme,39
k9-finance-dao,39
lumoscoin,39
milli-coin,39
el-gato,39
milady-wif-hat,39
kiba-inu,39
snailbrook,39
meta-monopoly,39
dogegf,39
first-reply,39
liquor,39
shibadoge,39
tn100x,39
ledog-dog,39
neiro-2,39
landwolf-base,39
pepoclown,39
all-your-base-2,39
success-kid,39
zoomer-sol,39
bogus,39
cat-dog,39
kai-ken,39
cheems,39
zoomer,39
loulou,39
stash-inu,39
good-morning-3,39
omnicat,39
toad-killer,39
bird-dog,39
floos,39
water-coin,39
arbidoge,39
the-resistance-cat,39
half-orange-drinking-lemonade,39
ronnie,39
upside-down-meme,39
chad-coin,39
popo-the-frog,39
peanie,39
nyan-meme-coin,39
wall-street-memes,39
melon-dog,39
ton-fish-memecoin,39
jeo-boden,39
look-bro,39
orc,39
tao-inu,39
groyper,39
catwifbag,39
puss,39
andyerc,39
sunwukong,39
hana,39
toad-sol,39
wassie,39
pepe-sol,39
alpha-3,39
skull-of-pepe-token,39
sharki,39
coinye-west,39
beamcat,39
analos,39
monkeyhaircut,39
believe-in-something,39
jeff-3,39
moth-2,39
i-love-puppies,39
qstar,39
gondola,39
avax-has-no-chill,39
eye-earn,39
draggy-cto,39
hami,39
inferno-2,39
suicune-on-sui,39
bitcat-2,39
estee,39
guacamole,39
milkbag,39
zeek-coin,39
peepo-eth,39
tori-the-cat,39
riko,39
dogebonk,39
honk,39
mellow-man,39
luci,39
suncat,39
ribbit-2,39
husky-avax,39
clapcat,39
og-sminem,39
gmika,39
cumrocket,39
loafcat,39
iq50,39
aki-protocol,39
bog,39
any-inu,39
aerobud,39
pups-ordinals,39
bobacat,39
why,39
smoking-chicken-fish,39
daddy-tate,39
grok-2,39
coco-coin,39
samoyedcoin,39
billy,39
skibidi-toilet-2,39
moo-deng-2,39
blub,39
maga,39
meow,39
tron-bull,39
mother-iggy,39
lock-in,39
lmeow-2,39
bellscoin,39
arbdoge-ai,39
sigma,39
hoppy-meme,39
wuffi,39
bongo-cat,39
puff-the-dragon,39
neiro-on-eth,39
the-doge-nft,39
cheems-token,39
goggles,39
peipeicoin-vip,39
wojak,39
harambe-2,39
boba-oppa,39
nailong,39
feg-token-2,39
resistance-dog,39
richquack,39
zyncoin-2,39
dolan-duck,39
mfercoin,39
american-coin,39
kiboshib,39
pepefork,39
monkey-pox,39
higher,39
minimini,39
ski-mask-dog,39
crow-with-knife,39
basenji,39
doginme,39
hatom,39
based-pepe,39
hahayes,39
joe-coin,39
kishu-inu,39
gme,39
foxy,39
milady-meme-coin,39
bone-shibaswap,39
fud-the-pug,39
rune-pups,39
baby-doge-coin,39
ponke,39
degen-base,39
apu-s-club,39
gigachad-2,39
memecoin-2,39
non-playable-coin,39
dogwifcoin,39
pepecoin-2,39
spx6900,39
corgiai,39
moo-deng,39
fwog,39
bonk,39
turbo,39
dog-go-to-the-moon-rune,39
book-of-meme,39
binance-peg-dogecoin,39
notcoin,39
neiro-3,39
floki,39
mog-coin,39
cat-in-a-dogs-world,39
goatseus-maximus,39
popcat,39
dogs-2,39
pepe,39
maneki,39
simon-s-cat,39
bobo-coin,39
toshi,39
dogelon-mars,39
shrub,39
keyboard-cat-base,39
mister-miggles,39
wen-4,39
coq-inu,39
landwolf-0x67,39
purr-2,39
myro,39
billion-dollar-cat-runes,39
retardio,39
slerf,39
mumu-the-bull-3,39
bitcoin-wizards,39
sundog,39
osaka-protocol,39
sudeng,39
snek,39
harrypotterobamasonic10in,39
michicoin,39
andy-the-wisguy,39
department-of-government-efficiency,39
constitutiondao,39
fu,39
nomnom,39
based-brett,39
aura-on-sol,39
aaa-cat,39
pepecoin-network,39
base-god,39
peng,39
marvin-inu-2,39
maga-hat,39
pino,39
doge-eat-doge,39
tron-bull-coin,39
squidgrow-2,39
astropepex,39
game-stop,39
bob-token,39
jesus-coin,39
kitten-haimer,39
vita-inu,39
illuminaticoin,39
dejitaru-tsuka,39
andy-on-base,39
elonrwa,39
klaus,39
selfiedogcoin,39
chompcoin,39
shark-cat,39
sad-hamster,39
gameswift,39
the-soldog,39
mistery,39
npc-on-solana,39
mochi-thecatcoin,39
beercoin-2,39
troll,39
zero-tech,39
welsh-corgi-coin,39
lol-3,39
volt-inu-2,39
gui-inu,39
boop-2,39
uni,39
axol,39
ginnan-the-cat,39
jen-hsun-huang,39
sillynubcat,39
pikaboss,39
ahatoken,39
dogi,39
phil,39
brainlet-2,39
chudjak,39
numogram,39
amaterasu-omikami,39
the-balkan-dwarf,39
catalorian,39
koala-ai,39
catecoin,39
hathor,39
leash,39
terminus-2,39
solama,39
katana-inu,39
giko-cat,39
feisty-doge-nft,39
hehecat,39
kendu-inu,39
mstr2100,39
tooker-kurlson,39
banano,38
tamadoge,38
kaspy,38
wawa-cat,38
fartcoin,38
koma-inu,38
wifejak,38
crashout,38
winter-arc,38
dog-wif-nuchucks,38
coal-2,38
real-2,38
effective-accelerationism,38
rnt-token,37
yap,37
aiwithdaddyissues,37
dog-food-token,37
nasdaq420,37
flat-earth,37
poo-chi,37
duko,37
beebase,37
bet-more,37
fairfun,37
nacho-the-kat,37
solnic,37
valhalla-index,37
drip,37
gizmo-imaginary-kitten-runes,37
kekistan,37
forest,36
low-quality-cat,36
doge-inu,36
cat-girl,36
suiba-inu,36
rock-3,36
coffee-2,36
act-i-the-ai-prophecy,36
runes-x-bitcoin,36
shoggoth,36
upsidedowncat-2,36
inusol,36
tadpole,36
tyler,35
poncho,35
fatgf,35
nyxia-ai,35
squid-game-2,35
didi-duck,35
shibwifhatcoin,35
matt-0x79,35
ito,35
dog-emoji-on-solana,35
cat-token-2,35
cheeseball,35
boppy,35
kitty-inu,35
maga-vp,35
ufopepe,35
blood-2,35
starecat,35
misha,35
colon,35
gaga-pepe,35
department-of-government-efficiency-3,35
soyjak-2,35
burt,35
beni,35
frog-on-eth,35
marv,35
morud,35
ponk-2,35
neirei,35
achi,35
sui-plop,35
bonsai-token,35
gua,35
stooges,35
john-the-coin,35
shroom,35
zygo-the-frog,35
chiba-wan,35
fourcoin,35
baba,35
s,35
harrypottertrumphomersimpson777inu,35
woof-token,35
kpop,35
main-character,35
doge-on-solana,35
avocato,35
chitan,35
todd,35
dinolfg,35
lube,35
jason-derulo,35
don-t-buy-inu,35
snap-first-space-coin,35
fishkoin,35
dollar-2,35
duk-on-sol,35
bitcone,35
giggle-academy,35
melo,35
cctv,35
mimany,35
medusa-2,34
booshi,34
edog,34
project89,34
kungfu-cat,33
deep-worm,33
workie,33
wolf-of-wall-street,33
market-dominance,33
bored-2,33
null-matrix,32
ai16z,32
goldencat,32
luckycoin,32
catbal,32
360noscope420blazeit,32
lily-s-coin,32
kendu-inu-2,32
kango,31
ghoad,31
kittekoin,31
comedian,31
lolcat-2,31
uranus-3,30
baby-grok,30
doggo-inu,30
cheese-2,30
smiling-dolphin,30
zazu-2,30
send-2,30
gooby,30
venko,30
wicked,30
blinks-gg,30
aries,30
nonja,30
aquarius-2,30
capricorn-2,30
taurus-2,30
leo-2,30
cancer,30
libra-4,30
nothing-3,30
pepe-0x69-on-base,30
musk-gold,30
mojo-meme,30
scorpio,30
zapo,30
dchef,30
cryptoboomcoin-official,30
flat-earth-coin,30
sagittarius,30
magnet-2,30
virgo-2,30
fofar-2,30
wild-goat-coin-2,30
offcial-mascot-of-the-holy-year,30
catana,30
real-nigger-tate,30
terminus-3,30
gemini-2,30
harold,30
hachi-kun,30
suinami,30
tate-terminal,30
pisces,30
curtis,30
satushi-nukumutu,29
guufy,29
baby-dragon-2,29
tucker-carlson,29
baby-floki,29
truth-inu,29
pacato,29
trumpmaga,29
babykitty,29
quant,29
treeplanting,29
treat-token,29
baby-neiro,29
duckyduck,29
rubber-ducky-cult,29
floof,29
tron-rice,29
cata-bsc,29
goodle,29
sti6900,29
sui-dog,29
ponkei-the-chinese-ponke,29
kumala-herris,29
baby-dragon,29
tsutsuji,29
push,29
bob-2,29
gpu-inu,29
apu-gurl,29
aqua-goat,29
arab-cat,29
arbuz,29
vibe-cat,29
venus-doge,29
vectorchat-ai,29
vatra-inu,29
australian-safe-shepherd,29
utya,29
babydogwifhat,29
usdebt,29
axl-inu,29
babybonk-2,29
baby-brett,29
baby-brett-on-base,29
cope-2,29
uniton-token,29
united-base-postal,29
baby-cat,29
baby-doge-inu,29
doggy-needs-friend,29
alman,29
milo-token,29
wizard-cat,29
tora-neko,29
ernie,29
baby-monkey,29
beluga,29
hammy,29
frankenfrog,29
anime-token,29
dr-solwitz,29
kimchi,29
dogy,29
department-of-government-efficiency-2,29
in-memes-we-trust,29
sheesh-3,29
pepig,29
bufficorn,29
occer,29
viper-fan,29
billi,29
wimpo,29
maga-coin,29
crypto-kit,29
dogwifceo,29
squish,29
magnet6900,29
ginger-2,29
twinny,29
dark-wolf,29
bitcoin-dog,29
apewifhat,29
urmom,29
pepek-philippe,29
decats,29
donkee,29
gospodin,29
uranus-2,29
spectral-sight,29
chat-chain,29
s-d-o-g-e-on-tron,29
habi,29
yalla-sun,29
jill-boden,29
solpaka,29
the-almighty-loaf,29
sol-cat-todd,29
licker,29
pepe-uwu,29
voldemorttrumprobotnik-10neko,29
weirdo,29
doki,29
haycoin,29
hundred,29
huhu-cat,29
grok-moon,29
huebel-bolt,29
hosky,29
hold-vip,29
hachi,29
hachiko-era,29
hedgehog-in-the-fog,29
haha,29
hamster-wif-hat,29
ic-ghost,29
harrypotterwifhatmyrowynn,29
felicette-the-space-cat,29
happi-cat,29
terminus,29
harrypotterobamasonic10inu,29
1000troll,29
4,29
yuge-on-eth,29
yoyo,29
4chan,29
hungarian-vizsla-inu,29
i-choose-rich-everytime,29
wagie-2,29
iotexshiba,29
jeje,29
jeff,29
jani,29
jail-cat,29
jack-the-goat,29
green-shiba-inu,29
istanbul-wild-cats-fan-token,29
brodogcoin,29
iron-titanium-token,29
iotube-bridged-wifi-iotex,29
invisible-cat,29
grok-girl,29
grok2-0,29
grok-3,29
grok-4,29
injective-pepes,29
grok-6,29
grok-by-grok-com,29
grok-cat,29
grok-ceo,29
illusion,29
grok-codes,29
yooshi,29
aardvark-2,29
xrdoge,29
amc-3,29
akitavax,29
wiki-cat,29
wif-on-eth,29
chair,29
wiflama-coin,29
wifedoge,29
jacky,29
wife-changing-money,29
amc,29
this-is-fine-ethereum,29
whiskers,29
pooku,29
where-did-the-eth-go-pulsechain,29
american-pepe,29
what-in-tarnation,29
american-shiba,29
andy-alter-ego,29
angryslerf,29
gbtc6900,29
ape-and-pepe,29
wall-street-baby,29
aped-3,29
roxy-frog,29
akita-inu-asa,29
wolf-of-solana,29
ponzi,29
xdoge-4,29
xdoge-2,29
xdoge,29
xaigrok,29
wukong-musk,29
wsb-coin,29
wrapped-wdoge,29
ada-peepos,29
wrapped-basedoge,29
wrapped-banano,29
a-gently-used-2001-honda,29
a-gently-used-nokia-3310,29
aiakita,29
ai-dragon,29
ai-pepe-king,29
aishiba,29
akamaru,29
akita-inu,29
akita-inu-2,29
odie-on-sol,29
akita-inu-3,29
gugu,29
ignore-fud,29
chump-change,29
pop-frog,29
pinky-the-pineapple,29
nole,29
the-ear-stays-on,29
whales-club,29
moshi,29
milleniumsweghunter69,29
bibi-2,29
neiro-on-tron,29
moon-the-cat,29
popfish,29
whatever-ape,29
bitcoin-cat,29
karatecat,29
abcde-coin,29
locust-pocus,29
morti,29
trumpchain,29
limoncelloai,29
tango,29
bansky,29
chad,29
starri,29
king-sugar-glider,29
cow,29
frogie,29
morph,29
doggo-2,29
robotaxi,29
drunk-chicken-centipede,29
rainbow-2,29
paco,29
trumpie,29
gibape,29
jack,29
frosty-the-polar-bear,29
som-bonkmon-fraud,29
maga-doge,29
kitty-coin-solana,29
goodmorning,29
sonic-solana,29
make-america-based-again,29
luv,29
pipi,29
catino,29
slap-cat,29
spectre-2,29
blepe,29
dub-duck,29
pitbull-2,29
green-vs-redd,29
tommy,29
cringe,29
iridescent-rabbit-shark,29
osmosis-allshib,29
jetcat,29
milei-solana,29
husky-2,29
blackhat-coin,29
prick,29
the-big-grift,29
bullish,29
salty,29
epep,29
trondog,29
potato-3,29
tronches,29
monku,29
goofy,29
moocat,29
updog-apt,29
pressdog,29
winston-spider-monkey,29
raff-the-giraffe,29
quilson,29
popdog-2,29
lola,29
avaxlama,29
maga-pepe-eth,29
samurai-cat,29
lola-2,29
bane,29
jerrywifhat,29
derpman,29
a-gently-used-couch,29
japan-coin,29
crocdog,29
moji,29
tombili-the-fat-cat,29
dony-montana,29
sui-dawg,29
moontrump,29
ethereum-origins,29
hunter-boden,29
honkler,29
gay,29
fu-bao,29
charlotte-fang,29
diamond-the-cat-coin,29
aurorasolchain,29
cat-wif-hands,29
moon-inu,29
selfiesteve,29
sully-the-shrimp,29
work-for-your-bags-2,29
grumpie,29
pepe-skull,29
awkward-look-monkey-club,29
bitard,29
cat-getting-fade,29
floating-tim,29
pepcat,29
yunki,29
findme,29
puppet-on-sol,29
pojak,29
cafe,29
solympics,29
khadija,29
i-aped,29
otti,29
chad-cat,29
wawacat,29
cat-poop-joystick,29
dogsofelon,29
gigacat-2,29
rock-2,29
whispy,29
doge-for-president,29
hazel,29
kabal,29
sasha-cat,29
slime,29
tholana,29
bitci-bonk,29
gigacat,29
wrinkle-the-duck,29
feg,29
dwog-the-dog,29
mcbroken,29
pineapple-cat,29
uhosu,29
farcaster-flower,29
bonk-wif-glass,29
pungu,29
dog-spooning-cat,29
andy-2,29
pepe-maga,29
suistarfish,29
dogeboy-2,29
chady,29
beep-2,29
hava-coin,29
gerta,29
one-play,29
burrrd,29
twood,29
iro-chan,29
rintaro,29
to-the-sun,29
lola-cat,29
papu-token,29
blubia,29
lumi-2,29
caviar-meme,29
kapi-plara,29
talahon,29
pump-fun-puppet,29
dolan-duk,29
4trump,29
blake,29
pepe-solana,29
driftin-cat,29
suieet,29
gringo,29
frop,29
kai,29
sherk,29
sunny-on-tron,29
kong-sui,29
nib,29
latte,29
edm,29
cairo,29
maga-shiba,29
komari,29
cerberoge,29
smoking-eagle-dog,29
maxi,29
paul,29
first-meme,29
capybara-2,29
kek-on-sol,29
blue-guy,29
sunyang,29
trolli-cto,29
anti-goatse,29
buddy-2,29
dancing-triangle,29
gabin-noosum,29
sillycat,29
donaldcat,29
laser-shark,29
jerry-inu,29
red-pepe-2,29
jindo-inu,29
save-baby-doge,29
shiba,29
shib2,29
brett-eth,29
brett-killer,29
shakita-inu,29
brett-memecoin,29
brett-s-dog,29
bridged-maga-wormhole,29
broge,29
sdoge,29
saudi-pepe,29
shiba-armstrong,29
sauce-inu,29
buffy,29
samo-wif-hat,29
sake-inu,29
saiyan-pepe,29
bullbear-ai,29
buttman,29
canadian-inuit-dog-2,29
rosy,29
rosecoin,29
shibaai,29
shibabitcoin-2,29
roost,29
shibasso,29
boppy-the-bat,29
shiva-inu,29
shitcoin-2,29
shisha-coin,29
shina-inu-2,29
boss,29
brainlet,29
shib-on-solana,29
shibonk-311f81df-a4ea-4f31-9e61-df0af8211bd7,29
brett,29
shib-army,29
shiba-classic,29
shibarium-wrapped-bone,29
brett0x66,29
shibapoconk,29
shibanft,29
shibana,29
shibakeanu,29
shiba-inu-wormhole,29
brett-2-0,29
shibacorgi,29
bretter-brett,29
rosa-inu,29
canwifhat,29
side-eye-cat,29
chili,29
chad-on-solana,29
pump,29
pulse-inu-2,29
pulse-inu,29
chatai,29
chat-ai,29
chatter-shield-2,29
cheezburger-cat,29
chewy-token,29
popo-pepe-s-dog,29
chiliz-inu,29
pup-doge,29
poopcoin-poop,29
poo-doge,29
poodl-inu,29
chilly,29
ponke-ton,29
chinese-brett,29
polite-cat,29
pola,29
choppy,29
chuck,29
chadimir-putni,29
chad-frog,29
casinu-inu,29
retard-coin,29
rocky-on-base,29
catamoto,29
roaring-kitty-solana,29
roaring-kitty-sol,29
roaring-kitty,29
catcoin-bsc,29
1000bonk,29
cat-in-hoodie,29
rexwifhat,29
cat-inu,29
catsaidmeow,29
purple-pepe,29
resistance-duck,29
reserve-currency-dogs,29
cats-in-the-sats,29
rektcoin,29
blue-eyed-dog,29
real-smurf-cat-2,29
catwifhat,29
catwifmelon,29
ratwifhat,29
raccoon,29
book-of-pepe,29
book-of-ai-meow,29
playdoge,29
tezos-pepe,29
based-bario,29
based-boshi,29
the-open-league-meme,29
the-og-cheems-inu,29
based-father-pepe,29
the-loonies,29
the-jupiter-cat,29
based-shiba-inu,29
based-usa,29
base-pro-shops,29
basic-dog-meme,29
tinhatcat,29
tepe,29
bcoq-inu,29
teddy-bear,29
tdoge,29
bearcoin,29
beardy-dragon,29
bear-inu,29
biaocoin,29
billion-dollar-inu,29
binancedog-2,29
based-2,29
t-inu,29
bird-dog-on-base,29
ton-renaissance,29
zeekwifhat,29
zuzu-coin,29
zuzalu-inu,29
1rus-btc25,29
zkdoge,29
1rus-dao,29
zenpandacoin,29
babypepe,29
tony-the-duck,29
ton-tiger,29
tonny,29
baby-trump-bsc,29
tonminer,29
ton-kong,29
tonk-inu,29
baby-pepe-3,29
ton-cats-jetton,29
baby-pepe-fork,29
tomwifhat,29
tolys-cat,29
toding-protocol,29
baby-shiba-inu,29
binance-peg-shib,29
bird-dog-on-sol,29
silky,29
bonk-2-0,29
bnbtiger,29
bober,29
bobo,29
boe,29
snake-3,29
bolt-on-base,29
smudge-cat-solana,29
smolecoin,29
smol-cat,29
bong-bonk-s-brother,29
bonk2-0,29
soft-coq-inu,29
smidge,29
bonkbaby,29
bonke,29
bonkearn,29
bonke-base,29
bonklana,29
bonk-of-america,29
bonk-on-eth,29
bonk-staked-sol,29
bonzi,29
bnb-cat,29
solabrador-2,29
bitci-doge,29
blastin-pepes,29
bitci-pepe,29
bitcoin-2015-wrapper-meme,29
bitcoin-cats,29
bitcoin-inu,29
bitfloki,29
steep-jubs,29
steamboat-willie,29
bitshiba,29
black-agnus,29
star-cat,29
spottie-wifi,29
solana-shib,29
splo,29
blast-pepe,29
spacegoat-token,29
spaceape,29
sora-doge,29
son-of-brett,29
sonicwifhat,29
sonic-inu,29
sonic-goat,29
solong-the-dragon,29
plink-cat,29
playable-coin,29
john-doge,29
lord-of-dragons,29
magaiba,29
maga-2,29
feels-good-man-2,29
mad-pepe,29
felix-the-lazer-cat,29
fentanyl-dragon,29
lower,29
love-hate-inu,29
lovebit,29
louder,29
floki-cash,29
fat-cat,29
floki-ceo,29
lockheed-martin-inu,29
lobster,29
loaf-token,29
flokiwifhat,29
lmeow,29
floor-cheese-burger,29
flork,29
flovi-inu,29
flying-avocado-cat,29
maga-trump,29
magawincat,29
fottie,29
meh-on-ton,29
milo-inu,29
duckcoin,29
micropepe,29
mia,29
du-rove-s-wall,29
memes-street,29
meme-network,29
meme-goatstx,29
meme-elon-doge-floki-2,29
elon-cat-finance,29
enjoy,29
magic-internet-cash,29
maxwell-the-spinning-cat,29
matt-furie-s-boys-club,29
marvin-inu,29
marso-tech,29
etherdoge,29
ethereum-doge,29
ethereumfair,29
mantle-inu,29
maine-coon-cat,29
fantomsonicinu,29
fool,29
lime-cat,29
misty-pepe,29
gnomy,29
king-bonk,29
kind-guardians-of-blockchain-protocol,29
ghostwifhat,29
keydog,29
keren,29
giga-cat,29
gigachad-eth,29
gigachadgpt,29
gmeow-hyperliquid,29
kangaroo-the-jumping-co-in,29
goat-trading,29
gecko-inu,29
kabosu-inu,29
kabosu-arbitrum,29
gogowifcone,29
kabosu-3,29
kabosu-2,29
kabosu,29
golazo-world,29
junior,29
jugni,29
gone,29
king-cat,29
gay-pepe,29
lickgoat,29
lambo-2,29
lets-go-brandon,29
lesbian-inu,29
leia-the-cat,29
leia,29
le-bleu-elefant,29
frog-2,29
law-of-attraction,29
landwolf-on-avax,29
landwolf-eth,29
frog-ceo,29
lambo-0fcbf0f7-1a8f-470d-ba09-797d5e95d836,29
kishu-ken,29
laika,29
l2ve-inu,29
frog-wif-peen,29
kunaikash,29
fungi,29
kittywifhat,29
game-of-memes,29
gamestop-2,29
kitty-ai,29
kitti,29
minky,29
mmm,29
pizza-gram,29
daumenfrosch-2,29
cute-cat-token,29
cybonk,29
daddy-doge,29
partyhat-meme,29
danjuan-scroll-cat,29
papa-doge,29
danzo,29
pandacoin-inu,29
panda-2,29
daram,29
oracle-cat,29
cult-cat,29
openchat,29
one-hundred-million-inu,29
okayeg,29
oh-no,29
derp,29
derp-coin,29
ocicat-token,29
dewy,29
obema,29
dhd-coin-2,29
peezy,29
pepa-inu,29
dinger-token,29
perry-the-bnb,29
pizza-cat,29
clown-pepe,29
pitbull,29
conan-2,29
pipi-the-cat,29
cook-cat,29
pink-hood-froglicker,29
cope-coin,29
corgidoge,29
phili-inu,29
pepper,29
culo,29
pepi-2,29
pepewifpork,29
pepewifhat-3,29
pepewifhat,29
crob-mob,29
pepe-the-frog,29
pepesol,29
crypto-journey,29
pepe-chain,29
pepe-3,29
dillwifit,29
notwifgary,29
dot-is-ded,29
mooncats-on-base,29
dogwifhat-base,29
dogwifhat-eth,29
multiplanetary-inus,29
dogwifnohat,29
dogwifouthat,29
dogwifpants,29
dog-wif-pixels,29
dogwifsaudihat,29
dogwifscarf,29
morfey,29
moon-cat,29
muva,29
mononoke-inu,29
monkey-shit-inu,29
monkey-peepo,29
donkey,29
monacoin,29
mommy-doge,29
moge,29
doodoo,29
moew,29
mochadcoin,29
mutatio-xcopyflies,29
myrowifhat,29
dino-dragon,29
doge-floki-coin,29
normus,29
doeg-wif-rerart,29
non-playable-inu,29
doge-2-0,29
dogebonk-eth,29
dogebonk-on-sol,29
noggles,29
doge-ceo,29
dogecube,29
nitefeeder,29
nikepig,29
doggensnout-skeptic,29
next-gen-pepe,29
newt,29
doge-grok,29
neuracat,29
neopepe,29
neko,29
doge-kaki,29
dogelana,29
dogemob,29
doge-of-grok-ai,29
dawkoin,29
dogwifcrocs,29
jose,29
meowcoin,29
based-lambow,29
joram-poowel,29
wap,29
king-shiba,29
sealwifhat,29
smokingchickenfisheth,29
kaga-no-fuuka-go-sapporo-kagasou,29
scuba-dog,29
toro-2,29
tron-cat,29
harambecoin,29
pepe-token,29
golden-inu-token,29
one-punch-cat,29
corgi,29
chillpill,29
frencoin-2,29
skill-issue,29
meme-alliance,29
cheems-cto,29
ceiling-cat,29
spodermen,29
dt-inu,29
kamala-horris,29
dogwifhood,29
benji-bananas,29
fuku-kun,29
papichulo,29
wolfwifballz,29
sniff,29
cap-2,29
bruh-2,29
cato,29
babycate,29
chow,29
huh-cat,29
catwifhat-3,29
kovin-segnocchi,29
sandwich-cat,29
degen-the-otter,29
the-bitcoin-killa,29
yes-3,29
candle-cat,29
popo-2,29
smiling-dolphin-2,29
top-g,29
myancat-coin,29
pochita-on-ethereum,29
vikita,29
badger-badger-badger,29
bookofbullrun,29
baby,29
lord-of-sol,29
meowcat-2,29
baby-shiba-inu-erc,29
louie-the-raccoon,29
cat-cat-token,29
taylor-swift-s-cat,29
wagmi-3,29
mars-3,29
crazy-monkey,29
justanegg-2,29
ton-inu,29
goatwifhat,29
biaoqing-tron,29
pepe-on-fire,29
land-wu,29
mona-cat,29
schizo,29
cramer-coin,29
greg16676935420,29
ginnan-doge-s-brother,29
pixi,29
rocky-the-dog,29
robo-inu-finance,29
kabosu-kabosucoin-erc,29
cat-emoji-on-solana,29
seal-sol,29
heheh,29
zombie-inu-2,29
fomo-bull-club,29
shitcoin-on-ton,29
birb-3,29
soldoge,29
sofacat,29
younes,29
apes-2,29
spike,29
inu,29
zilpepe,29
flokifork,29
sqrcat,29
dank-2,29
risitas-2,29
crunchcat,29
cig,29
marvin-on-base,29
catson,29
cat-token,29
corgicoin,29
bonk-2-0-sol,29
mao,29
1-percent,29
-4,29
first-dog-to-buy-crypto,29
poor-doge,29
solordi,29
zazu,29
nose-candy,29
meowspace,29
landlord-roland,29
that,29
loaf-cat,29
beluga-cat,29
wizzie,29
fight,29
pochita-2,29
rock-4,29
us-degen-index-6900,29
popo-the-cat,29
bitcoin-cat-sol,29
gmeow-cat,29
kakaxa,29
jeo-rogen,29
jungledoge,29
bugna,29
babytrump,29
bossie,29
walrus-the-tusk,29
thief,29
baby-pepe-2,29
pepe-2,29
pepecoin-on-sol,29
bwull,29
giga-stacy,29
resistance-girl,29
socomfy,29
dark-maga-2,29
pipo,29
kabosu-on-sol,29
mongy,29
koi-5,29
mpx6900,29
pnut,29
kabosu-4,29
apple-cat,29
b1coin,29
gecky,29
blockchainpeople,29
illumicati,29
vix777,29
padawan,29
tsla6900,29
dragon-sun,29
pandafi,29
croc-cat,29
onigchi,29
bl00p,29
smoking-giraffe,29
onigiri-2,29
doge-jones-industrial-average,29
pepe-trump,29
pingu-land,29
luna-inu,29
prophet-of-ethereum,29
cats-n-cars,29
dacat,29
whiskey,29
mutatio-flies,29
history-of-pepe,29
vibing-cat,29
csi888,29
baby-neiro-token,29
hatchypocket,29
shiboo,29
dollarmoon-2,29
brett-s-cat,29
bowser,29
moonbag,29
mao-2,29
book-of-dyor,29
deep-whales-ai,29
paper-plane,29
kittenwifhat,29
eggdog,29
sin,29
tech,29
remilia,29
kuma-inu,29
moonscape-2,29
inu-inu,29
magicaltux,29
goatseus-maximus-on-eth,29
america-pac,29
catsolhat,29
dogs-of-elon,29
spike-on-eth,29
elon-doge-token,29
goat-protocol,29
catex,29
devin-on-solana,29
meme-brc-20,29
anita-max-wynn,29
doginthpool,29
neversol,29
barbiecrashbandicootrfk88,29
ada-the-dog,29
pepe-in-a-memes-world,29
eagle-of-truth,29
this-is-my-iguana,29
biaoqing,29
pigeon-tech,29
dork-lord-2,29
winnie-the-poodle,29
department-of-gov-efficiency,29
mcdull,29
zack-morris,29
duck-the-doug,29
suiman,29
baby-dragonx,29
garlicoin,29
maga-again,29
shih-tzu,29
what-s-updog,29
ping-dog,29
woofwork-io,29
tronkey,29
birdsping,29
sacabam,29
maga-fight-for-trump,29
msq-cycle-burn,29
walter-dog-solana,29
points-2,29
code-token,29
internet-doge,29
gecko-meme,29
keyboard-cat,29
i-made-it-up,29
asteroid-shiba,29
elmoerc,29
salt-bae-for-the-people,29
silly-goose,29
fluffington,29
boshi,29
bill-the-bear,29
nobiko-coin,29
linda-2,29
pepega,29
stoicism,29
aguri-chan,29
peeno,29
time,29
popcorn-meme,29
ikigai,29
inbred-cat,29
frug,29
blue-whale-2,29
myra,29
crying-cat,29
alux-jownes,29
alf,29
living-the-dream,29
degens-with-attitude,29
dechat,29
sobull-2,29
croginal-cats,29
king-3,29
dogai-wtf,29
rizz-2,29
el-hippo,29
catgirl,29
hawk-tuah,29
bonk-on-base,29
beeg-blue-whale,29
suilama,29
elawn-moosk,29
sui-bull,29
dca420-meme-index,29
long-3,29
borpatoken,29
woke-chain,29
oggy-inu,29
monkey-2,29
egypt-cat,29
mittens-2,29
wif-secondchance,29
crodie,29
punk-3,29
carlo,29
fable-of-the-dragon,29
beer-frog,29
broke-again,29
zapicorn,29
ansem-s-cat,29
cyber-dog,29
catgpt,29
defrogs,29
the-martian-dog,29
mork-2,29
hokkaido-inu,29
twurtle-the-turtle,29
wrapped-optidoge,29
safemoon-inu,29
dingocoin,29
chipi,29
mindcoin-2,29
aquathecoin,29
sanin-inu,29
suishicat,29
mog,29
sanshu,29
izzy,29
rod-ai,29
thumb,29
work,29
chonk-2,29
cto-harambe,29
cz-on-hyperliquid,29
rino,29
elizabath-whoren,29
waifu-sol,29
1-dollar-sol-coin,29
miw-musk,29
catfish,29
jbm,29
white-coffee-cat,29
doogle,29
moby-2,29
black-swan,29
scrat,29
pou,29
gateway-to-mars,29
solala,29
baby-neiro-cto,29
ken,29
half-of-pepe,29
argentinacoin,29
retard-ai,29
bobby,29
freetrump,29
twotalkingcats,29
kolt,29
conviction,29
white-boy-summer,29
booty-2,29
kung-fucat,29
freecz,29
shiba-saga,29
eggy-the-pet-egg,29
baobaosol,29
drako,29
omni-2,29
golden-doge,29
good-boy,29
solamander,29
yumi,29
cheeseball-the-wizard,29
kangal,29
basedchad,29
babylong,29
hit-meeee-upp,29
neiro-4,29
koi,29
yukie,29
mochicat,29
bulla,29
snapcat,29
independence-token,29
party-parrot,29
bonkwifhat,29
notdog,29
mugi,29
cat-on-catnip,29
oof-oof-cto,29
screaming-hyrax,29
borpa,29
ju-rugan,29
kooky,29
donkey-king,29
pedro-raccoon,29
cat-duck,29
bunnie,29
topcat-2,29
tongue-cat,29
bambit,29
oggy-inu-2,29
boosey,29
toge,29
dev-is-fish,29
sad-meow,29
maga-pepe,29
chexbacca,29
suijak,29
joeing737,29
hmmm,29
tsutsuji-doge-s-sister,29
nutflex,29
egg,29
ishi,29
sigma-2,29
solgoat,29
changpeng-zhao,29
prerich,29
desy-duk,29
abe,29
phteven,29
snoopybabe,29
golden-inu,29
tired-of-it-all,29
animated,29
hulvin,29
little-dragon,29
el-changuito,29
gameboy,29
poodlana,29
solpaca,29
poodle,29
xp-3,29
dark-magician-girl,29
yawn,29
minu,29
repost-dog,29
chief-troll-officer-4,29
cozy-pepe,29
shibaverse,29
eddie-seal,29
pepe-undead,29
bul,29
xiao-lang-gou,29
freakoff,29
wall-street-bets-dapp,29
elon-trump,29
mcoin-2,29
sunlion,29
water-on-sui,29
hat-solana,29
leper,29
pepe-cto,29
thesis-cat,29
batcat,29
mew-woof-dao,29
alan-the-alien,29
froggies-token-2,29
kolana,29
shawk,29
faptax,29
buttercat,29
bug,29
maga-pepe-2,29
ansom,29
test-token-please-ignore,29
crypto-whale,29
hanabi-chan,29
fiona,29
meta-doge,29
munch,29
spike-2,29
wat-if,29
miharu-the-smiling-dolphin,29
elon-xmas,29
guberto,29
sunpepe,29
anime-base,29
lil-bub-on-sol,29
lol-2,29
grok-inu,29
catvax,29
culture-of-solana-token,29
king-2,29
first,29
suitard,29
sonic-the-goat,29
hopper-the-rabbit,29
jinpeng,29
sanin,29
monke,29
pawpaw,29
dyor-token-2,29
socks,29
sunpig,29
bee,29
bitcat,29
freemoon-2,29
brett-gold,29
achi-inu,29
ethardio,29
sui-cat,29
book-of-billionaires,29
molly,29
chuan-pu,29
the-goat-cz,29
dotz,29
wenwifhat,29
aguri,29
landwolfina,29
helga-inu,28
chonk-the-cat,28
groggo-by-matt-furie,28
hachiko-sol,28
fuku,28
linea-bridged-pepe-linea,28
solana-meow,28
flokis,28
floki-cat,28
andyman,28
slop,28
meme-coin-millionaire,28
cubigator,28
hot-doge,28
skull-cat,28
fubb,28
pepe-2nd-chance,28
coolcoin,28
psyop-2,28
croco,28
fallen-knight,28
memes-ai,28
omega-2,28
baby-czhao,28
baby-pepe-on-eth,28
goat404,28
men,28
bald-dog,28
kermit-cc0e2d66-4b46-4eaf-9f4e-5caa883d1c09,28
its-as-shrimple-as-that,28
pepewifhat-2,28
wagmicatgirlkanye420etfmoon1000x,28
pepe-predator,28
fely,28
tickle,28
foxxy,28
discipline,28
suki,28
meow-3,28
betterbelong,28
-3,28
shila-inu,28
joe-hat-token,28
trumpsfight,28
piccolo-inu,28
trump-wif-ear,28
what-the,28
safegrok,28
pepinu-sol,28
akita-inu-4,28
sonicsoda,28
dak,28
degwefhat,28
brepe,28
alaaddin-ai,28
wpphmrmbdtrsj2p0eb69i,28
andy-s-cat,28
moo-tun,28
wen-5,28
monkex,28
dermophis-donaldtrumpi,28
optimus-inu,28
victorious,28
twiskers,28
niccagewaluigielmo42069inu,28
69420,28
shibgf,28
goose,28
maru-taro,28
wagmi-4,28
crypto-twitter-2,28
elephantpepe,28
memefund-2,28
dancing-triangle-2,28
madhouse,27
party-3,27
degen-spartan-ai,27
brokie-on-ton,27
top-hat,27
not-notcoin,27
dogwif2-0,27
toly-s-cat,27
dancing-baby,27
mur-cat,27
pepa-erc,27
chinese-pepe,27
pigu,27
wolt,27
flavia-is-online,27
shibelon,27
tron-beer,27
47th-potus,27
tabman,27
sassy-the-mf-sasquatch,27
president-exe,27
brett-is-based,27
sora-pussy,27
shanghai-inu,27
crabbie,27
sumi,27
saudi-bonk,27
shikoku-inu,27
czolana,27
meowka-neko,27
yuge-meme,27
gm-frens,27
cool,27
hachiko-2,27
crypto-pal,27
international-klein-blue,27
shib-original-vision,27
babygrok-x,27
troop,27
kozue,27
hectic-turkey,27
hachiko-inu-meme,27
tate-stop,27
nofap,27
milk,27
baby-hippo,27
golondon,27
frogs,27
nomad,27
gizmo,27
viral-inu,27
kundalini-is-a-real-girl,27
googly-cat,27
shibavax,27
yelo-cat,27
eigenelephant,26
keke,26
muffin,26
kitten-wif-hat,26
sydney,26
frogevip,26
boris,26
litedoge,26
betbuinu,26
chad-scanner,26
zelda-2-0,26
kratom,26
motion-2,26
shinjiru-inu,26
zerebro,26
shiba-v-pepe,26
saddy,26
non-of-us,26
nikolai,26
elon-s-cat,26
all-your-base,26
mikawa-inu-2,26
mcpepe-s,26
pozo-coin,26
rizo,26
party-2,26
cholo-pepe,26
sunned,26
baby-pepe-token,26
viora-is-online,26
sanshu-inu,26
sigma-ai-terminal,26
first-ai-1951,26
fantom-doge,26
major-dog,26
dream-machine,26
truth-terminal-s-hentai,26
freedom-3,26
misty-meets-pepe,26
dirty-street-cats,26
base-inu,26
canto-inu,25
chief-troll-officer,25
kyra,25
kuma,25
dasha,25
blue-3,25
tang-ping-cat,25
autonomous-virtual-beings,25
eeyor,25
metababy,25
quby,25
peanut-the-squirrel,25
pepe-ai,25
tales-of-pepe,25
baby-floki-coin,25
ai-crystal-node,25
larpai,25
chadgpt,25
trust-2,25
sunneiro,25
zaza-2,25
kamabla,25
king-grok,25
delrey-inu,25
agent-zero,25
pip-3,25
blockchat,25
blackrocktradingcurrency,25
earl,25
king-neiro,25
djbonk,25
smudge-cat,25
rosie-the-robot,25
sobull,25
buddy-3,25
dogwifkatana,25
musk-dao,25
m-ga,25
willy-2,25
dogelon-classic,25
chuck-on-eth,24
suwi,24
what-the-duck,24
trump-47,24
a-trippy-ape,24
stick,24
not-a-cult,24
mumba,24
gary-2,24
baby-lovely-inu,24
coshi-inu,24
baby-goatseus-maximus,24
chatni,24
bouncing-seals,24
wiggly-willy,24
aethernet,24
spx6900-2-0,24
xshib,24
duck-ai,24
tryton,24
wolf-inu,24
baby-floki-inu,24
mgga,24
elon-goat,24
peanut-3,24
blue-2,24
heli-doge,24
brettei,24
crochet-world,24
maxcat,24
bergerdoge,24
bomb-shelter-inu,24
gatsby-inu-new,24
first-grok-ai,24
boba,24
smudge-lord,24
ethereum-inu,24
safebonk,24
murtis,24
bulls-2,24
goated,24
scottish,24
chihuahua,23
memento-mori,23
shiba-inu-empire,23
shibaken-finance,23
patriot,23
pudgy-cat,23
garbage,23
shibceo,23
proof-of-pepe-art,23
cookie-cat-game,23
pepe-doge,23
fiji-exe,23
kabosu-heroglyphs,23
dinosaur-inu,23
notdogecoin,23
onigiri-kitty,23
ape-on-apechain,23
goatse,23
new-born-haggis-pygmy-hippo,23
kaspaw,23
retardia,23
catbonk,23
baby-hamster,23
lucky-dog,23
a16z-ai-dog,23
cats-do-something,23
book-of-lies,23
sui-monster,23
lunadoge,23
caprisun,23
we-love-t,23
harambe,23
baby-wen,23
wheelchair-cat,23
diligent-pepe,22
cryptotwitter,22
hanbao,22
sun-tzu-2,22
dont-coin,22
888-token,22
fat-guy,22
fat-cat-2,22
bubcat-3,22
solaris-ai,22
suicidal-pepe,22
lion-cat,22
diamond-inu,22
schrodi,22
papo-ninja,22
crow-2,22
duke-inu-token,22
rinia-inu,22
metadoge-bsc,22
meow-casino,22
jason-eth,22
major-frog,22
spacebucks,22
sharpei,22
glub,22
grok-elo,22
obi-pnut-kenobi,22
gdog,22
brian,22
tail,22
abi,21
shiba-bsc,21
baby-pepe-erc20,21
shibonk,21
hoot-solana,21
shibawifhat,21
yeeti,21
wiz,21
updog,21
the-rugcoon,21
sophie-klein,21
flochi-inu,21
naked-jim,21
ducks,21
bug-cat,21
baby-goat,21
trump-ai,21
primexai,21
strategic-bitcoin-reserve,21
goatseus-poppimus,21
grok1-5,21
bloop-furpal,21
babymarvin-inu,21
based-beast-coin,21
pokegrok,21
shibsharks,21
thecat,21
resistance-notcoin,21
navy-seal,21
chubbyakita,21
lenny-face,21
wifpepemoginu,21
pepe-krc20,21
cupsey,20
based-baby,20
fisttrumppump,20
ducky,20
curly,20
mx69420,20
magnificent-7777,20
all-cat-no-brakes,20
karen-hates-you,20
happycat-2,20
strawberry-elephant,20
le-meow,20
doge-mascot-shibu,20
hokkaido-inu-token,20
aped-4,20
mascot-of-the-unholy-year,20
infinite-backrooms,20
petunia,20
poshi-world,19
choccy-milk-cat,19
matsuri-shiba-inu,19
the-republican-party,19
sabaka-inu,19
top-protocol,19
the-last-play,19
blast-inu,19
pepe-original-version,19
quark-2,19
tobi,19
streamer-inu,19
duckereum,19
obot,19
babyfloki,19
millionaire-2,19
yak,19
dog-wif-spinning-hat,19
cyberdoge-2,19
malakai,19
half-shiba-inu,19
izumi-chan,19
baby-musk,19
nothing-token,19
bork-on-ethereum,19
what-the-fruck-runes,19
the-ticker-is-eth,19
matt,18
schrodinger,18
jam-cat,18
ez-pepe,18
pumpcat,18
big-balls-birds,18
the-dev-is-a-baby,18
teh-upen-netwerg,18
ct100-index,18
bonkbest,18
baby-maga,18
surfing-coco,18
bitcoin-wizard-mascot,18
shrub-2,18
meow-2,18
gentleman,18
let-that-sink-in,18
op-chads,18
ordinal-doge,18
onchain-pepe-404,18
santa-grok,18
caroline,18
dalma-inu,18
baby-coq-inu,18
bully-ze-bull,18
king-wif,18
wibwob,17
jaw,17
tokenbot-2,17
wsb-classic,17
decko,17
shiba-wing,17
maga-coin-eth,17
evil-pepe,17
pun-dog,17
santa-inu,17
swaggy,17
dongcoin,17
luminous,17
myro-floki-ceo,17
rokos-matrix,17
xcat,17
popkat,17
staring-robot,17
grok-bank,17
toby,17
kabosu-bnb,17
bop-cat,17
literally-me,16
red-hat-games,16
kittyspin,16
ragingelonmarscoin,16
bertram-the-pomeranian,16
peanut-2,16
airene,16
babyakita,16
konan-of-kaspa,16
cyberdoge-3,16
dogwifleg,16
blk2100,16
popcatwifhat,16
robie,16
print-the-pepe,16
ruski-inu,15
pepemon-pepeballs,15
project-aeon,15
goatseus-act-ii,15
alaska,15
pitty-the-pitbull,15
clownworld,15
xenopus-laevis,15
swarm-2,15
shork,15
bitcoin-bro-bear-runes,15
ape-2,15
noods,15
believe-in-something-2,15
kolin-2,15
synthesizer-dog,15
omega-3,15
sumo-kitty,15
proof-of-pepe,15
thing,15
mist-2,15
alp,15
okane,15
anon-inu,15
screaming-hyrax-2,15
popecoin,15
morris,15
frax-doge,14
hasbulla-s-cat,14
make-america-healthy-again,14
lion,14
yes-chad,14
grokboy,14
doginhood,14
dekopon,14
paradox-3,14
bonk-inu,14
mao-3,14
the-cat-is-blue,14
badcatsol,14
based-sbf-wif-soap,14
baby-musk-2,14
myrowif,14
tronarmy,14
thetrumptoken,14
pippin,14
4547-token,14
elons-pet-snail,14
star-wars-cat,14
e-c-inu,14
starknet-brother,13
no1-tiktok-cat,13
bluffcat,13
shib2-0,13
make,13
fleabone,13
shira-cat,13
bonkey,13
fren-pepe,13
doge,13
dolos-the-bully,13
spookyshiba-2,13
maga-dog,13
fug,13
chowie,13
tsuki-inu,13
grokdogex,13
vatican-mascot,13
litecoin-mascot,13
naval-ai,13
popsmile,13
bitcoin-act,13
super-president-trump-47,13
tuki,13
xdoge-3,13
his-name-gort,13
smurfsinu,13
-2,13
meow-meme,13
zkpepe,13
qqq6900,12
no-mans-land,12
big-dog-fink,12
pino-trx,12
meh-3,12
frog-3,12
ansem-wif-photographer,12
super-suiyan,12
forgive-me-father,12
indian-shiba-inu,12
pepe-the-pepe,12
slurp-2,12
gold-cat,12
maya,12
roolz,12
bob-the-snek,12
the-dev-is-an-ape,12
cane-corso,12
cheyenne,12
bitcat-3,12
plumpy-dragons,12
henlo,12
unfk,12
hamsterbatya,12
krypto-fraxtal-chicken,12
liquidated,11
the-order-of-the-golden-bull,11
ugly-dog,11
strategic-hub-for-innovation-in-blockchain,11
pulsedoge,11
seal-dog,11
shoki-2,11
good-old-fashioned-un-registered-security,11
tony-mcduck,11
cow-patty-bingo,11
acid-toad,11
dragon-wif-hat,11
techcat,11
bwed,11
small-doge,11
bullcat,11
ginnan,11
alpaca-2,10
john-mcaifee,10
main-character-energy,10
link-on-sol,10
rex-3,10
bueno,10
momo-v2,10
grok-queen,10
reflections-of-dissonance-ai,10
wen,10
chartreux-cat,10
jewels-da-goat,10
wukong,10
sendor,10
shibarium-name-service,10
snake-wif-hat,10
wolf-skull-2,10
memecoingirl,10
dogecast,10
coin6900,10
grok-heroes,10
aurora-terminal,10
ruri-truth-terminal-s-crush,9
chill-guy,9
pnuts-for-squirrel,9
rifampicin,9
trump45coin,9
jinx,9
frankfrankfrank,9
toga,9
looking-up,9
migraine,9
vibe-cat-2,9
urolithin-a,9
frudo,9
cheese-3,9
shiba-cartel,9
joi,9
3d3d,9
trump-derangement-syndrome,9
spinning-cat,9
lambosforvirgins,9
fomeow,9
centience,9
blobana-pet,9
new-baby-elephant-houston-zoo,9
arie-the-sealion,9
make-fun,9
trump-shuffle,9
fine-2,8
wally,8
gilgeous,8
a16gems,8
doge-memes-topple-regimes,8
bloomsperg-terminal,8
a-fund-baby,8
xing-xing,8
theydontloveyoulikeiloveyou,8
secondbtc,8
year-of-the-dragon,8
runner-on-eth,8
dox-squad,8
-5,8
kotaro,8
gen-z-quant,8
sci-hub,8
looking-for-cooks,8
goldenrat,7
pumpkin-token,7
enki,7
fur-nancial-advisor,7
k-9-killed-in-shootout,7
apu-apustaja-sol,7
the-society-library,7
fug-2,7
department-of-government-efficiency-4,7
ratatoot,7
kiri,7
meow-coin,7
emoticoin-2,7
ronda-on-sui,7
newera-2,7
philosoraptor-2,7
lolcat,7
boop-3,7
safu-kek-gigafundz-888,7
army,7
trump-s-golden-bull,7
cult-of-pepe,7
capycoin,7
doug,7
shibafomi,7
athcat,7
never-experienced-real-daylight,7
dwog,7
blast-inu-2,7
coded,7
fonzy,7
jorkin,7
bubl,7
brrr-de-money,7
generational-wealth-3,7
taskbunny,7
respect-the-pump,7
tendie,7
artificial-general-intelligence,7
trumpeffect69420,6
suicy-the-seal,6
tipja,6
pure-unadulterated-bliss,6
pepe-ceo,6
sadcat,6
groktether,6
longcat,6
smack,6
toki,6
bms-coin,6
worms-among-us,6
beta-trader,6
pepeai-2,6
lapupu,6
chad-2,6
the-retirement-token,6
wow-2,6
doke-inu,6
yowie,6
bitgrok-ai,6
loaf,6
lingyan,6
act-ii-the-peanut-prophecy,6
ele-elephant-stewardship,6
baby-bitcoin-2,6
pnut-s-sister,6
luce-dog,6
babygrokceo,6
mr-mayonnaise-the-cat,6
solito,5
imnotwrongimearly,5
strategic-meme-reserve,5
baby-peanut,5
first-convicted-raccoon,5
micu,5
meow-4,5
shiba-classic-2,5
finkey,5
lester,5
tism,5
monkey-taken-by-police,5
shrimp,5
koon,5
mechazilla-for-scale,5
goodmeme,5
babysmurf9000,5
head-of-d-o-g-e,5
eyare,5
happy-dog,4
mondo,4
guardian-dog,4
take-the-l,4
martin-shkreli-inu,4
biaoqing-sol,4
molly-the-otter,4
dukie,4
aletheia,4
charlie-2,4
expert_money,4
pepe-inu,4
alpha-humans,4
sbrsol,4
schizoid,4
upgrates,4
shinji,4
nole-inu,4
waa,4
pog,4
tunp,4
wrapped-doge-21-co,4
el-gato-3,3
bitcorn-2,3
goompy,3
catacomb,3
cash-2,3
kasbot,3
bitdog,3
curve-inu,3
polygon-mascot,3
pyrate,3
bruce,3
nod-cat,3
a-new-internet-money-era,3
head-of-d-o-g-e-2,3
sibert,3
merry-christmusk,3
baby-pnut,3
cyborgism,3
sam,3
stabby-duck,2
pump-2,1
oozy-goozemo-runes,1
memefi-2,1
tvs,1
fatso,1
suirex,1
somps,1
star-pepe,1
north-cat-token,1
gensler,1
razzberry-inu,1
bear-3,1
vistadog,1
pedro-meme,1
bubcat-2,1
mnemonics,1
bictory,1
chatgpt-s-mascot,1
wryon,1
shrek-ai,1
legacy-media-killer,1
